drop table if exists groups;
drop table if exists relations;
drop table if exists Users;
create table Users(
	uID varchar(17)  not null,
	uPassword varchar(20) not null,
	uName varchar(20),
	uSex int default 0,
	uBirthday datetime,
	uAge int default 0,
	uCountry varchar(20),
	uProvice varchar(20),
	uCity varchar(20),
	uTel varchar(10), 
	uMail varchar(20),
	uNickName varchar(20),
	uHeadImg varchar(20),
	uWords varchar(80),
	uPolicy int default 0,
	uForbid int default 0,
	uRegDate datetime,
	uLover varchar(10),
	primary key(uID)
)ENGINE=INNODB DEFAULT CHARSET=GBK;

insert into users values ('10000','000000','GAME OVER',1,'1900-9-11',11,'火星','里约热内卢','芝华塔尼欧','110','ice-_-wind@163.com','GAME OVER','go.png','Who am I?',0,0,'2011-11-11',''),
('10001','000000','NOTHING',0,'1900-9-11',11,'火星','里约热内卢','芝华塔尼欧','110','ice-_-wind@163.com','NOTHING','57.jpg','两年前，我写的代码，只有上帝和我能看懂；两年后，只有上帝能看懂！',0,0,'2011-11-11',''),
('10002','000000','本拉登',1,'1900-9-11',11,'火星','里约热内卢','芝华塔尼欧','110','ice-_-wind@163.com','本拉登','52.jpg','两年前，我写的代码，只有上帝和我能看懂；两年后，只有上帝能看懂！',0,0,'2011-11-11',''),
('10003','000000','索罗斯',1,'1900-9-11',11,'火星','里约热内卢','华尔街','110','ice-_-wind@163.com','索罗斯','12.jpg','两年前，我写的代码，只有上帝和我能看懂；两年后，只有上帝能看懂！',0,0,'2011-11-11',''),
('10004','000000','巴菲特',1,'1900-9-11',11,'火星','里约热内卢','芝华塔尼欧','110','ice-_-wind@163.com','马云','13.jpg','两年前，我写的代码，只有上帝和我能看懂；两年后，只有上帝能看懂！',0,0,'2011-11-11',''),
('10005','000000','三毛',1,'1900-9-11',11,'火星','里约热内卢','芝华塔尼欧','110','ice-_-wind@163.com','巴菲特','16.jpg','两年前，我写的代码，只有上帝和我能看懂；两年后，只有上帝能看懂！',0,0,'2011-11-11',''),
('10006','000000','周董',1,'1900-9-11',11,'火星','里约热内卢','芝华塔尼欧','110','ice-_-wind@163.com','周董','18.jpg','两年前，我写的代码，只有上帝和我能看懂；两年后，只有上帝能看懂！',0,0,'2011-11-11',''),
('10007','000000','A',1,'1900-9-11',11,'火星','里约热内卢','芝华塔尼欧','110','ice-_-wind@163.com','克林顿','20.jpg','两年前，我写的代码，只有上帝和我能看懂；两年后，只有上帝能看懂！',0,0,'2011-11-11',''),
('10008','000000','B',1,'1900-9-11',11,'火星','里约热内卢','芝华塔尼欧','110','ice-_-wind@163.com','肯尼迪','23.jpg','两年前，我写的代码，只有上帝和我能看懂；两年后，只有上帝能看懂！',0,0,'2011-11-11',''),
('10009','000000','C',1,'1900-9-11',11,'火星','里约热内卢','芝华塔尼欧','110','ice-_-wind@163.com','Machile Jackson','28.jpg','两年前，我写的代码，只有上帝和我能看懂；两年后，只有上帝能看懂！',0,0,'2011-11-11',''),
('10010','000000','D',1,'1900-9-11',11,'火星','里约热内卢','芝华塔尼欧','110','ice-_-wind@163.com','韩寒','29.jpg','两年前，我写的代码，只有上帝和我能看懂；两年后，只有上帝能看懂！',0,0,'2011-11-11',''),
('10011','000000','E',1,'1900-9-11',11,'火星','里约热内卢','芝华塔尼欧','110','ice-_-wind@163.com','小舒马赫','30.jpg','两年前，我写的代码，只有上帝和我能看懂；两年后，只有上帝能看懂！',0,0,'2011-11-11',''),
('10012','000000','F',1,'1900-9-11',11,'火星','里约热内卢','芝华塔尼欧','110','ice-_-wind@163.com','米兰昆德拉','32.jpg','两年前，我写的代码，只有上帝和我能看懂；两年后，只有上帝能看懂！',0,0,'2011-11-11',''),
('10013','000000','G',1,'1900-9-11',11,'火星','里约热内卢','芝华塔尼欧','110','ice-_-wind@163.com','刘翔','36.jpg','两年前，我写的代码，只有上帝和我能看懂；两年后，只有上帝能看懂！',0,0,'2011-11-11',''),
('10014','000000','H',1,'1900-9-11',11,'火星','里约热内卢','芝华塔尼欧','110','ice-_-wind@163.com','王励勤','37.jpg','两年前，我写的代码，只有上帝和我能看懂；两年后，只有上帝能看懂！',0,0,'2011-11-11',''),
('10015','000000','I',1,'1900-9-11',11,'火星','里约热内卢','芝华塔尼欧','110','ice-_-wind@163.com','陈奕迅','38.jpg','两年前，我写的代码，只有上帝和我能看懂；两年后，只有上帝能看懂！',0,0,'2011-11-11',''),
('10016','000000','J',1,'1900-9-11',11,'火星','里约热内卢','芝华塔尼欧','110','ice-_-wind@163.com','王力宏','40.jpg','两年前，我写的代码，只有上帝和我能看懂；两年后，只有上帝能看懂！',0,0,'2011-11-11',''),
('10017','000000','K',1,'1900-9-11',11,'火星','里约热内卢','芝华塔尼欧','110','ice-_-wind@163.com','潘玮柏','41.jpg','两年前，我写的代码，只有上帝和我能看懂；两年后，只有上帝能看懂！',0,0,'2011-11-11','');

create table relations(
	uID varchar(17)  not null,
	friends text,
	blacks text,
	strangers text,
	groups text,
	recents text,
	index(uID),
	primary key(uID),
	constraint fk_id foreign key(uID) references users(uID)
)ENGINE=INNODB DEFAULT CHARSET=GBK;

insert into relations values ('10000','10000,10001,10002,10003,10004,10005,10006,10007,10008,10009,10010,10011,10012,10013,10014,10015,10016,10017','','','100000,100001,100002,100006,100007','10001,10002,10003,10004,10005'),
 ('10001','10001,10000,10002,10003,10004,10005,10006,10007,10008,10009,10010,10011','','','100000,100002,100003','10000,10002'),
 ('10002','10002,10000,10001,10003,10004,10006,10007,10008,10009,10010,10011,10015,10017','','','100007,100000,100002,100003','10000,10001'),
 ('10003','10003,10000,10001,10002,10004,10005,10006,10007,10011','','','100000,100003,100004,100005,100006','10000,10004'),
 ('10004','10004,10000,10001,10002,10003,10005,10007,10008,10009,10010,10011','','','100000,100001,100002,100003,100004','10000,10002,10005'),
 ('10005','10005,10000,10002,10003,10004,10006,10007,10008,10009,10010,10011','','','100000,100001','10000,10002,10003,10004'),
 ('10006','10006,10000,10002,10003,10004,10005,10007,10008,10009,10010,10011','','','100000,100002,100004','10000,10002,10003,10004,10005'),
 ('10007','10007,10000,10002,10003,10004,10005,10006,10008,10009,10010,10011','','','100000,100001,100006','10000,10002,10006');

create table groups(
	uID varchar(17) not null,	
	gID varchar(17) not null primary key,
	members text,
	gName varchar(30),
	gNote varchar(20),
	gKind varchar(20),
	gLevel int default 0,
	gNotice varchar(100),
	gWords varchar(100),
	gImg varchar(20),
	constraint gfk_id foreign key(uID) references users(uID)
)ENGINE=INNODB,DEFAULT CHARSET=GBK;

insert into groups values('10000','100000','10000,10001,10002,10003,10004,10005,10006,10007','嗜血部落','据说土著人都在这个群里','嚣张','1','我从不以强凌弱～～～我欺负他之前真不知道他比我弱… ','','group.png'),
('10001','100001','10000,10001,10004,10005,10006,10007','乌托邦','','这是那啊','1','我一直在希望的田野上奔跑，虽然也偶尔被失望绊倒。','','group.png'),
('10002','100002','10002,10003,10004,10005,10006,10007,10008,10009','斧头帮','','一群斧头','1','警察,洗地板了!','','group.png'),
('10003','100003','10002,10003,10004,10007,10008,10009','不可一世','','牛啥啊','1','烧香的并不一定是和尚,也可能是熊猫!','','group.png'),
('10004','100004','10004,10005,10006,10007,10010,10011','街头诗人','','卖艺不卖身','1','远方教堂钟声跟着节拍出乎意外的合奏，我口中的诗句自编自演却没有人懂!','','group.png'),
('10005','100005','10002,10003,10004,10005,10011,10012','一头特立独行的猪','','有思想的猪','1','这里都是王小波门下的走狗!猪一旦有了思想，就变成了一头有思想的猪!','','group.png'),
('10006','100006','10002,10003,10004,10005,10006,10007','浮夸','','DOU','1','那年十八，母校舞会，站着如喽啰，那时候我含泪发誓各位必须看到我!','','group.png'),
('10007','100007','10002,10000,10003,10004,10005,10006,10007','基地组织','','奥巴马,你等着!','1','奥巴马，等月黑风高之夜，我会去找你的!','','group.png');
